URL, data

https://globalenergyforum.online/commentary-final-methane-rule-released-by-biden-administration-will-be-impactful-for-our-sector-tim-tarpley/, 1970-01-01
https://globalenergyforum.online/commentary-u-s-oil-futures-primed-for-another-squeeze-on-cushing-kemp/, 1970-01-01
https://globalenergyforum.online/commentary-war-wind-and-solar-spell-trouble-for-gas-bulls/, 1970-01-01
https://globalenergyforum.online/commercial-solar-lender-sunstone-credit-acquires-orka-finance/, 1970-01-01
https://globalenergyforum.online/communication-and-education-to-mobilise-global-climate-action/, 1970-01-01
https://globalenergyforum.online/community-solar-developer-commits-5-million-to-train-1500-workers/, 1970-01-01
https://globalenergyforum.online/companies-most-affected-by-u-s-pause-on-lng-export-permits/, 1970-01-01
https://globalenergyforum.online/comstock-begins-commissioning-companys-first-pv-recycling-facility/, 1970-01-01
https://globalenergyforum.online/connecticut-green-bank-approves-110m-in-financing-for-large-scale-projects/, 1970-01-01
https://globalenergyforum.online/consider-maximizing-californias-front-of-meter-distributed-solar-advocates-say/, 1970-01-01
https://globalenergyforum.online/consortium-gains-support-for-lower-emission-floating-wind-installation-vessel/, 1970-01-01
https://globalenergyforum.online/consortium-to-develop-hydropower-project-in-mozambique/, 1970-01-01
https://globalenergyforum.online/contacts/, 1970-01-01
https://globalenergyforum.online/cop28-climate-summit-puts-spotlight-on-turning-methane-pledges-into-action/, 1970-01-01
https://globalenergyforum.online/cop28-paving-abated-coal-pathway/, 1970-01-01
https://globalenergyforum.online/cop28-to-score-win-with-landmark-climate-damage-fund-deal/, 1970-01-01
https://globalenergyforum.online/cop28s-shinny-new-toy-nuclear-sector-must-overcome-decades-of-stagnation-to-meet-cop28-tripling-goal/, 1970-01-01
https://globalenergyforum.online/copenhagen-infrastructure-partners-acquires-soltec-danish-pv-portfolio/, 1970-01-01
https://globalenergyforum.online/copenhagen-infrastructure-partners-takes-fid-on-battery-energy-storage-project/, 1970-01-01
https://globalenergyforum.online/corpower-ocean-named-global-cleantech-100-company/, 1970-01-01
https://globalenergyforum.online/could-blue-hydrogen-offer-a-pragmatic-transition-to-green-hydrogen/, 1970-01-01
https://globalenergyforum.online/countrywide-selects-site-for-devonport-hydrogen-project/, 1970-01-01
https://globalenergyforum.online/crm-act-sustainable-revival-of-eus-mining-primary-secondary-metal-production-industries/, 1970-01-01
https://globalenergyforum.online/crude-stocks-at-top-u-s-storage-hub-rebuild-after-nearing-tank-bottoms/, 1970-01-01
https://globalenergyforum.online/crux-raises-funds-as-it-builds-market-for-transferable-clean-energy-tax-credits/, 1970-01-01
https://globalenergyforum.online/crypto-miners-use-more-power-than-australia-in-2023/, 1970-01-01
https://globalenergyforum.online/cve-espana-rgreen-invest-and-etic-partners-close-eur27-million-financing-package-for-construction-of-solar-power-plants/, 1970-01-01
https://globalenergyforum.online/d-c-area-targets-250000-solar-rooftops-by-2030/, 1970-01-01
https://globalenergyforum.online/daphne-technologys-strategic-expansion-into-the-us-market/, 1970-01-01
https://globalenergyforum.online/dar-and-sun-africa-sign-mou-at-cop28/, 1970-01-01
https://globalenergyforum.online/dea-seeks-feedback-on-north-sea-hesselo-wind-farm-proposals/, 1970-01-01
https://globalenergyforum.online/deal-in-the-works-encap-eyes-5-billion-sale-of-shale-producer-grayson-mill/, 1970-01-01
https://globalenergyforum.online/decarbonizing-disaster-response/, 1970-01-01
https://globalenergyforum.online/decoupling-from-russian-gas-vertical-corridor/, 1970-01-01
https://globalenergyforum.online/deep-freeze-forces-u-s-lng-exporters-to-cancel-delay-cargoes/, 1970-01-01
https://globalenergyforum.online/deepc-store-and-azuli-advancing-ccs-projects-in-australia/, 1970-01-01
https://globalenergyforum.online/delaware-agency-suggests-multistate-offshore-wind-procurement-to-curb-financial-risks/, 1970-01-01
https://globalenergyforum.online/denker-wulf-place-wind-order-with-nordex/, 1970-01-01
https://globalenergyforum.online/depcom-working-on-puerto-ricos-largest-solar-storage-system/, 1970-01-01
https://globalenergyforum.online/deriva-energy-closes-on-spanish-peaks-solar-acquisition/, 1970-01-01
https://globalenergyforum.online/developers-rebid-offshore-wind-contracts-in-new-yorks-fourth-solicitation-as-equinor-and-bp-split/, 1970-01-01
https://globalenergyforum.online/diamondback-energy-nears-50bn-merger-deal-with-endeavor-energy-resources/, 1970-01-01
https://globalenergyforum.online/digital-is-no-longer-an-option-but-an-imperative-to-address-the-worlds-major-water-issues/, 1970-01-01
https://globalenergyforum.online/dimate-pacs-at-miro-digital-ndt-in-germanys-largest-refinery/, 1970-01-01
https://globalenergyforum.online/discover-how-valaris-champions-sustainability-across-its-offshore-drilling-operations/, 1970-01-01
https://globalenergyforum.online/dnv-provides-technical-advisory-expertise-to-beijing-energy-international-australia/, 1970-01-01
https://globalenergyforum.online/dnv-updates-offshore-t-i-standard/, 1970-01-01
https://globalenergyforum.online/doe-and-innovation-fund-denmark-announce-opportunity-to-advance-floating-offshore-wind/, 1970-01-01
https://globalenergyforum.online/doe-launches-nuclear-rfp-for-uranium-enrichment-to-expand-domestic-haleu-chain/, 1970-01-01
https://globalenergyforum.online/doe-selects-consortium-to-bolster-demand-for-regional-hydrogen-hubs/, 1970-01-01
https://globalenergyforum.online/doe-to-fund-liftoff-of-advanced-conductors-advanced-distribution-management/, 1970-01-01
https://globalenergyforum.online/does-your-project-qualify-for-tax-credits-it-depends-how-project-is-defined/, 1970-01-01
https://globalenergyforum.online/dolphin-enquest-in-talks-on-flexible-north-sea-drilling-schedule/, 1970-01-01
https://globalenergyforum.online/dominion-activates-virginas-largest-grid-scale-battery-storage-facility/, 1970-01-01
https://globalenergyforum.online/dominions-2-6-gw-offshore-wind-farm-gets-federal-approval-to-begin-construction/, 1970-01-01
https://globalenergyforum.online/donald-trump-is-the-oil-and-gas-industrys-top-choice-for-president/, 1970-01-01
https://globalenergyforum.online/drones-provide-safer-approach-to-fpso-hull-tank-inspections/, 1970-01-01
https://globalenergyforum.online/dtek-achieves-first-power-at-debut-projects-outside-ukraine/, 1970-01-01
https://globalenergyforum.online/dteks-first-energy-projects-outside-ukraine/, 1970-01-01
https://globalenergyforum.online/dubai-looks-for-carbon-emission-dip-of-6-5mn-tonnes-a-year/, 1970-01-01
https://globalenergyforum.online/duke-energy-leasing-ev-chargers-in-north-carolina/, 1970-01-01
https://globalenergyforum.online/e-bikes-a-massive-industry-with-a-massive-problem/, 1970-01-01
https://globalenergyforum.online/e-storage-to-deliver-battery-storage-solutions-to-epic-energys-mannum-project/, 1970-01-01
https://globalenergyforum.online/eastern-green-link-i-project-awards-ps1-8-billion-of-first-contracts/, 1970-01-01
https://globalenergyforum.online/eaton-awarded-contract-for-miami-dade-wastewater-facility-enhancement/, 1970-01-01
https://globalenergyforum.online/ecia-component-sales-all-set-to-see-unprecedented-growth/, 1970-01-01
https://globalenergyforum.online/eco-atlantic-set-to-assume-outright-ownership-of-offshore-guyana-block/, 1970-01-01
https://globalenergyforum.online/ecobat-announces-new-ceo/, 1970-01-01
https://globalenergyforum.online/edf-renewables-enbridge-announce-fox-squirrel-phase-1-commercial-operation/, 1970-01-01
https://globalenergyforum.online/edp-renewables-expands-australian-presence-with-acquisition/, 1970-01-01
https://globalenergyforum.online/edwards-sanborn-solar-and-energy-storage-project-completed/, 1970-01-01
https://globalenergyforum.online/eia-report-solar-electricitys-modest-growth-post-2022-slowdown/, 1970-01-01
https://globalenergyforum.online/eia-us-battery-storage-capacity-to-nearly-double-in-2024/, 1970-01-01
https://globalenergyforum.online/electriq-aveyo-partner-on-homeowner-solar-storage-program/, 1970-01-01
https://globalenergyforum.online/emec-announces-reorganisation/, 1970-01-01
https://globalenergyforum.online/empact-ampliform-enter-ira-compliance-management-agreement/, 1970-01-01
https://globalenergyforum.online/enbridge-appeals-to-vacate-an-order-that-would-shut-down-its-pipeline/, 1970-01-01
https://globalenergyforum.online/endesa-embraces-enels-selective-investment-strategy-in-2024-2026-plan/, 1970-01-01
https://globalenergyforum.online/enel-completes-solar-storage-system-at-bayer-california-facility/, 1970-01-01
https://globalenergyforum.online/enel-to-acquire-1gw-julia-creek-renewables-project/, 1970-01-01
https://globalenergyforum.online/energy-toolbase-partners-with-station-a-on-u-s-solar-plus-storage-deployment/, 1970-01-01
https://globalenergyforum.online/energy-transfer-dakota-access-oil-pipeline-wont-shut-after-environmental-study/, 1970-01-01
https://globalenergyforum.online/energy-transfer-williams-trade-barbs-as-gas-pipeline-spat-heats-up/, 1970-01-01
https://globalenergyforum.online/energyaustralia-planning-new-grid-scale-battery-in-sa/, 1970-01-01
https://globalenergyforum.online/energyconnect-eastern-alignment-construction-progresses-2/, 1970-01-01
https://globalenergyforum.online/enerpoly-gets-grant-for-zinc-ion-battery-megafactory/, 1970-01-01
https://globalenergyforum.online/enervenue-energy-rack-includes-pre-assembled-energy-storage-vessels/, 1970-01-01
https://globalenergyforum.online/enervenue-launches-enervenue-energy-rack/, 1970-01-01
https://globalenergyforum.online/enervenue-launches-pre-assembled-energy-rack/, 1970-01-01
https://globalenergyforum.online/eni-envisages-second-gas-hub-in-indonesias-offshore-kutei-basin/, 1970-01-01
https://globalenergyforum.online/enocean-develops-sustainable-solutions-for-global-megatrends-and-sets-course-for-accelerated-growth/, 1970-01-01
https://globalenergyforum.online/enough-with-disinformation-about-community-solar-compensation/, 1970-01-01
https://globalenergyforum.online/enphase-co-founder-2024-will-be-a-year-of-recovery-for-residential-solar/, 1970-01-01
https://globalenergyforum.online/enphase-energy-launches-new-north-america-microinverters/, 1970-01-01
https://globalenergyforum.online/enphase-launches-three-phase-inverter/, 1970-01-01
https://globalenergyforum.online/entergy-wins-wind-developers-lose-with-miso-spp-transmission-constraints-nber-paper/, 1970-01-01
https://globalenergyforum.online/environmental-justice-groups-ask-feds-to-resist-weakening-rules-on-clean-hydrogen-tax-credit/, 1970-01-01
https://globalenergyforum.online/environmental-regulations-for-replacing-combustion-plants-insights-from-dr-sophie-archer-nfu-energys-environmental-compliance-consultant/, 1970-01-01
https://globalenergyforum.online/epcs-and-solar-developers-share-top-5-concerns-and-opportunities/, 1970-01-01
https://globalenergyforum.online/epsilon-energy-ltd-announces-quarterly-dividend-and-provides-operational-update/, 1970-01-01
https://globalenergyforum.online/equinor-bp-scrap-offshore-wind-contract-over-economic-problems-but-hint-at-rebid/, 1970-01-01
https://globalenergyforum.online/equinor-secures-39-production-licenses-in-latest-apa-round/, 1970-01-01
https://globalenergyforum.online/equinor-sells-azerbaijan-assets-eyes-loss-of-up-to-400-mln/, 1970-01-01
https://globalenergyforum.online/equinor-supporting-finder-in-north-sea-boaz-studies/, 1970-01-01
https://globalenergyforum.online/equinor-to-take-full-ownership-in-empire-wind-through-a-swap-transaction-with-bp-in-the-us/, 1970-01-01
https://globalenergyforum.online/europe-oil-product-markets-hurting-as-red-sea-attacks-delay-deliveries-iea-exec-says/, 1970-01-01
https://globalenergyforum.online/european-commission-refers-6-countries-to-court-of-justice-for-failure-to-revise-water-plans/, 1970-01-01
https://globalenergyforum.online/european-energy-consortium-upgrades-hydropower-plants-to-support-power-grid/, 1970-01-01
https://globalenergyforum.online/european-lithium-ion-battery-supply-will-come-up-short-despite-investment-boom/, 1970-01-01
https://globalenergyforum.online/eurus-energy-completes-kawanashi-wind-farm/, 1970-01-01
https://globalenergyforum.online/eus-energy-security-drive-may-have-gone-too-far/, 1970-01-01
https://globalenergyforum.online/ev-battery-startup-one-cuts-25-of-workforce-in-latest-sign-of-slowing-growth-in-electric-vehicle-adoption/, 1970-01-01
https://globalenergyforum.online/evolution-petroleum-reports-second-quarter-fiscal-2024-results-and-declares-quarterly-cash-dividend-for-the-fiscal-2024-third-quarter/, 1970-01-01
https://globalenergyforum.online/exmar-revamps-executive-team/, 1970-01-01
https://globalenergyforum.online/explained-how-houthi-red-sea-attacks-are-disrupting-world-trade/, 1970-01-01
https://globalenergyforum.online/explainer-global-fossil-fuel-subsidies-on-the-rise-despite-calls-for-phase-out/, 1970-01-01
https://globalenergyforum.online/explainer-what-new-opec-oil-output-cuts-are-in-place-after-last-weeks-deal/, 1970-01-01
https://globalenergyforum.online/exporting-green-hydrogen-from-africa-to-europe-italy-makes-its-move/, 1970-01-01
https://globalenergyforum.online/exxon-ceo-a-climate-villain-to-many-makes-his-debut-at-cop/, 1970-01-01
https://globalenergyforum.online/exxon-sues-esg-investors-to-stop-climate-proposals-on-ballot/, 1970-01-01
https://globalenergyforum.online/exxonmobil-corporate-plan-more-than-doubles-earnings-potential-from-2019-to-2027-18-compound-annual-earnings-growth-significantly-outpaces-peers/, 1970-01-01
https://globalenergyforum.online/exxons-ceo-sets-ambitious-agenda-on-tight-production-timeline/, 1970-01-01
https://globalenergyforum.online/fed-gov-securing-gas-for-domestic-supply/, 1970-01-01
https://globalenergyforum.online/fed-gov-unveils-new-safety-legislation-for-offshore-resources-workers/, 1970-01-01
https://globalenergyforum.online/federal-agency-energy-harbor-seek-to-keep-citizen-groups-out-of-perry-nuclear-plant-case/, 1970-01-01
https://globalenergyforum.online/federal-appeals-court-upholds-ferc-action-on-pjm-capacity-market-rule-sets-precedent/, 1970-01-01
https://globalenergyforum.online/federal-programs-create-little-incentive-for-companies-to-make-low-carbon-hydrogen-ieefa/, 1970-01-01
https://globalenergyforum.online/feedback-invited-on-subsea-trees-protection-method-offshore-newfoundland/, 1970-01-01
https://globalenergyforum.online/ferc-approves-gas-pipeline-needed-for-tva-plan-to-shutter-2-5-gw-coal-fired-power-plant/, 1970-01-01
https://globalenergyforum.online/ferc-approves-miso-interconnection-queue-reforms-rejects-overall-queue-cap/, 1970-01-01
https://globalenergyforum.online/ferc-approves-new-england-grids-request-to-delay-power-auction-to-2026/, 1970-01-01
https://globalenergyforum.online/ferc-in-focus-is-ferc-making-progress-on-environmental-justice/, 1970-01-01
https://globalenergyforum.online/ferc-nixes-pg-es-requested-41-4m-annual-equity-incentive-for-being-a-caiso-member/, 1970-01-01
https://globalenergyforum.online/first-scotland-wide-drugs-and-microplastics-test-of-rivers-launched/, 1970-01-01
https://globalenergyforum.online/first-solar-enters-tax-credit-transfer-agreements-with-fiserv/, 1970-01-01
https://globalenergyforum.online/first-solar-inaugurates-indian-manufacturing-facility/, 1970-01-01
https://globalenergyforum.online/first-solar-inaugurates-new-manufacturing-plant-in-india/, 1970-01-01
https://globalenergyforum.online/five-drivers-of-new-york-city-solar-energy-expansion/, 1970-01-01
https://globalenergyforum.online/flng-gimi-arrives-at-greater-tortue-ahmeyim-field/, 1970-01-01
https://globalenergyforum.online/flow-reversal-technology-evaluated-for-ambitious-pure-water-san-diego-program/, 1970-01-01
https://globalenergyforum.online/for-success-in-residential-battery-storage-focus-on-the-big-3/, 1970-01-01
https://globalenergyforum.online/forces-driving-semiconductor-electronics-component-segment/, 1970-01-01
https://globalenergyforum.online/form-energy-snags-30m-grant-for-californias-largest-long-duration-energy-storage-project/, 1970-01-01
https://globalenergyforum.online/four-community-solar-projects-to-serve-lmi-residents-in-new-york-city-area/, 1970-01-01
https://globalenergyforum.online/fpic-at-louisiana-tech-receives-donation/, 1970-01-01
https://globalenergyforum.online/fpso-gets-contract-extension-for-north-sea-catcher-field-work/, 1970-01-01
https://globalenergyforum.online/free-pandell-leadership-series-webinar-location-intelligence-strategies-for-the-pipeline-industry/, 1970-01-01
https://globalenergyforum.online/freehold-royalties-ltd-enters-into-agreements-to-acquire-permian-basin-royalty-assets-for-cad-112-million/, 1970-01-01
https://globalenergyforum.online/freshwater-study-in-new-zealand-raises-concerns-about-e-coli-pollution-level/, 1970-01-01
https://globalenergyforum.online/from-aviation-fuel-to-green-hydrogen-world-energy-is-paving-the-way-for-global-decarbonization/, 1970-01-01
https://globalenergyforum.online/from-glaciers-to-rainfall-understanding-unexpected-rain/, 1970-01-01
https://globalenergyforum.online/from-olive-groves-to-garages-fords-new-sustainable-car-parts/, 1970-01-01
https://globalenergyforum.online/from-the-show-floor-at-intersolar-2024/, 1970-01-01
https://globalenergyforum.online/fugro-advancing-next-generation-usvs-with-sea-kit/, 1970-01-01
https://globalenergyforum.online/fugro-selected-by-kredo-offshore-to-support-offshore-wind-development-in-south-korea/, 1970-01-01
https://globalenergyforum.online/full-circle-signs-long-term-deal-with-ventient-energy-to-service-senvion-turbines/, 1970-01-01
https://globalenergyforum.online/g-and-abeeolica-sign-health-and-safety-agreement/, 1970-01-01
https://globalenergyforum.online/galileo-and-hope-strengthen-partnership-by-developing-300-mw-of-onshore-wind-projects-in-italy/, 1970-01-01
https://globalenergyforum.online/galp-spuds-mopane-wildcat-offshore-namibia/, 1970-01-01
https://globalenergyforum.online/gamechange-solar-opens-dedicated-cape-town-support-center/, 1970-01-01
https://globalenergyforum.online/gamechange-solar-opens-tracker-factory-in-brazil/, 1970-01-01
https://globalenergyforum.online/gas-producer-eqt-seeks-to-sell-3-bln-portfolio/, 1970-01-01
https://globalenergyforum.online/gas-supply-issue-triggers-power-outage-in-top-end/, 1970-01-01
https://globalenergyforum.online/gate-secures-commissioning-contract-for-shenandoah-fps-project/, 1970-01-01
https://globalenergyforum.online/ge-vernova-announces-1-4-gw-of-onshore-wind-projects-with-squadron-energy/, 1970-01-01
https://globalenergyforum.online/ge-vernova-iberdrola-mexico-bring-new-gas-fired-plant-online/, 1970-01-01
https://globalenergyforum.online/ge-vernova-kandenko-and-cosmo-eco-power-to-develop-onshore-wind-farm-in-japan/, 1970-01-01
https://globalenergyforum.online/ge-vernovas-hydro-power-business-to-upgrade-cushman-ii-hydropower-plant/, 1970-01-01
https://globalenergyforum.online/georgia-rooftop-solar-program-levels-the-playing-field-for-low-income-households/, 1970-01-01
https://globalenergyforum.online/german-lng-to-grid-connections-expected-to-cost-4-8-billion/, 1970-01-01
https://globalenergyforum.online/german-wind-farm-pilot-project-validates-autonomous-marine-data-acquisition-technologies/, 1970-01-01
https://globalenergyforum.online/germany-will-support-10-gw-of-new-gas-plants-with-eye-toward-hydrogen/, 1970-01-01
https://globalenergyforum.online/getting-lit-this-festive-season-consider-these-safety-tips/, 1970-01-01
https://globalenergyforum.online/global-clean-energy-shift-rises-to-1-8tn-yet-not-enough/, 1970-01-01
https://globalenergyforum.online/global-gas-lng-prices-to-remain-relatively-weak-in-2024-amid-subdued-demand-woodmac/, 1970-01-01
https://globalenergyforum.online/global-maritime-managing-hywind-turbines-servicing-operation/, 1970-01-01
https://globalenergyforum.online/global-warming-more-to-blame-than-el-nino-for-amazons-ongoing-record-drought/, 1970-01-01
https://globalenergyforum.online/google-to-share-oil-and-gas-methane-leaks-spotted-from-space/, 1970-01-01
https://globalenergyforum.online/gotion-high-tech-inaugurates-first-battery-pack-production-in-us/, 1970-01-01
https://globalenergyforum.online/government-announces-energy-efficiency-grants-for-smes/, 1970-01-01
https://globalenergyforum.online/greece-builds-algorithm-for-smart-grid-emergency-autonomy/, 1970-01-01
https://globalenergyforum.online/green-stock-selloff-deepens-as-tesla-sentiment-sours/, 1970-01-01
https://globalenergyforum.online/greenfire-energy-inc-appoints-steven-brown-as-new-president/, 1970-01-01
https://globalenergyforum.online/greenit-and-galileo-sign-agreement-on-eight-solar-pv-projects-in-italy/, 1970-01-01
https://globalenergyforum.online/grs-inaugurates-edenvale-solar-park/, 1970-01-01
https://globalenergyforum.online/gsi-saturn-ocean-man-first-nation-awarded-ppa-for-saskatchewan-project/, 1970-01-01
https://globalenergyforum.online/guidance-released-for-45x-clean-energy-manufacturing-tax-credits/, 1970-01-01
https://globalenergyforum.online/h2-energy-europe-to-develop-first-large-scale-green-hydrogen-production-facility-in-south-wales/, 1970-01-01
https://globalenergyforum.online/h2-to-be-produced-using-renewable-energy-with-new-green-tech-2/, 1970-01-01
https://globalenergyforum.online/halliburton-profit-beats-on-international-strength/, 1970-01-01
https://globalenergyforum.online/halliburton-releases-system-for-strengthened-ccus-cementing/, 1970-01-01
https://globalenergyforum.online/harbour-energy-acquires-wintershall-dea-for-11-billion/, 1970-01-01
https://globalenergyforum.online/harbour-submits-application-for-viking-carbon-capture-pipeline/, 1970-01-01
https://globalenergyforum.online/havfram-wind-signs-contract-with-rwe-for-nordseecluster-offshore-wind-projects/, 1970-01-01
https://globalenergyforum.online/hawaii-home-to-worlds-most-advanced-grid-scale-battery/, 1970-01-01
https://globalenergyforum.online/headwinds-equinor-bp-cancel-contract-to-sell-offshore-wind-power-to-new-york/, 1970-01-01
https://globalenergyforum.online/heat-pumps-the-way-forward-to-decarbonisation/, 1970-01-01
https://globalenergyforum.online/heliene-expands-solar-manufacturing-in-the-u-s/, 1970-01-01
https://globalenergyforum.online/highview-power-and-orsted-join-forces-to-reduce-wind-curtailment/, 1970-01-01
https://globalenergyforum.online/hima-group-acquires-origo-solutions/, 1970-01-01
https://globalenergyforum.online/honeywell-to-deliver-first-bess-installment-to-u-s-virgin-islands/, 1970-01-01
https://globalenergyforum.online/hornsea-2-named-worlds-largest-wind-farm/, 1970-01-01
https://globalenergyforum.online/hot-water-metering-for-gas-to-electric-transition/, 1970-01-01
https://globalenergyforum.online/house-democratic-bill-aims-to-spur-interregional-offshore-transmission/, 1970-01-01
https://globalenergyforum.online/how-does-the-red-sea-attacks-affect-gas-shipping/, 1970-01-01
https://globalenergyforum.online/how-large-scale-solar-developers-can-tackle-community-opposition/, 1970-01-01
https://globalenergyforum.online/how-ninedot-is-fitting-big-battery-storage-into-the-big-apple/, 1970-01-01
https://globalenergyforum.online/how-pg-e-almost-became-the-nations-largest-cooperative/, 1970-01-01
https://globalenergyforum.online/how-to-combine-residential-heat-pumps-with-pv-battery-storage/, 1970-01-01
https://globalenergyforum.online/how-to-craft-a-better-solar-panel-decommissioning-plan/, 1970-01-01
https://globalenergyforum.online/huisman-awarded-contract-from-cadeler-for-monopile-gripper/, 1970-01-01
https://globalenergyforum.online/hydro-quebec-retains-eight-bids-totalling-1550-mw-of-wind-power/, 1970-01-01
https://globalenergyforum.online/hydroelectricity-property-developer-growthpoint-bets-on-south-africa/, 1970-01-01
https://globalenergyforum.online/hydrogen-economy-is-the-way-to-march-forward-it-matters/, 1970-01-01
https://globalenergyforum.online/hydrogen-fuel-cell-provides-backup-power-for-microsoft-data-center/, 1970-01-01
https://globalenergyforum.online/hydrowing-creates-unique-new-barge-to-service-its-tidal-energy-technology/, 1970-01-01
https://globalenergyforum.online/ibew-union-members-to-help-build-sunzia-transmission-line/, 1970-01-01
https://globalenergyforum.online/ice-industries-signs-additional-contract-with-first-solar/, 1970-01-01
https://globalenergyforum.online/iea-pvps-releases-cross-sectional-evaluation-tool-for-bipv/, 1970-01-01
https://globalenergyforum.online/iea-raises-2024-oil-demand-forecast-but-lags-opec-view/, 1970-01-01
https://globalenergyforum.online/igniting-innovation-at-cwieme-berlin-2024/, 1970-01-01
https://globalenergyforum.online/imec-integrates-silicon-heterojunction-solar-cells-into-curved-surfaces/, 1970-01-01
https://globalenergyforum.online/impact-on-commodities-due-to-chaos-in-the-red-sea/, 1970-01-01
https://globalenergyforum.online/in-2023-bold-ev-strategies-took-a-punch-from-reality/, 1970-01-01
https://globalenergyforum.online/in-first-look-at-2025-opec-expects-robust-oil-demand-growth/, 1970-01-01
https://globalenergyforum.online/in-first-nrc-approves-nuclear-fuel-fabrication-enriched-up-to-8-for-commercial-power-generation/, 1970-01-01
https://globalenergyforum.online/indiana-solar-project-moves-forward-with-tax-equity-deal/, 1970-01-01
https://globalenergyforum.online/indias-new-standard-for-recycling-lead-acid-batteries/, 1970-01-01
https://globalenergyforum.online/indoor-bifacial-solar-cell-technology-at-ces-2024/, 1970-01-01
https://globalenergyforum.online/industry-pushes-congress-to-fix-us-transformer-shortage/, 1970-01-01
https://globalenergyforum.online/industry-reacts-as-canada-politicians-order-emissions-cuts-up-to-38-for-oil-and-gas-firms/, 1970-01-01
https://globalenergyforum.online/infinite-renewables-gets-green-light-to-develop-new-energy-centre-on-sark/, 1970-01-01
https://globalenergyforum.online/innova-acquires-planning-consent-for-scottish-solar-development/, 1970-01-01
https://globalenergyforum.online/innovative-enhanced-geothermal-system-begins-operations-in-nevada/, 1970-01-01
https://globalenergyforum.online/insisting-on-us-crude-for-the-spr-is-misguided/, 1970-01-01
https://globalenergyforum.online/insurer-75-of-california-rooftop-solar-companies-are-high-risk-more-bankruptcy-on-the-way/, 1970-01-01
https://globalenergyforum.online/interregional-transmission-would-grow-126-to-191-gw-by-2035-under-big-wires-bill-report/, 1970-01-01
https://globalenergyforum.online/intersect-powers-lumina-project-in-texas-reaches-commercial-operation/, 1970-01-01
https://globalenergyforum.online/iowa-court-bars-midamerican-energy-itc-midwest-from-2-6b-in-transmission-awards-by-miso/, 1970-01-01
https://globalenergyforum.online/ira-creates-100000-clean-energy-jobs-and-attracts-110-billion-in-private-investments/, 1970-01-01
https://globalenergyforum.online/ira-offers-lucrative-incentives-for-low-income-community-solar-but-also-creates-new-challenges/, 1970-01-01
https://globalenergyforum.online/iran-threatens-mediterranean-closure-over-gaza-without-saying-how/, 1970-01-01
https://globalenergyforum.online/is-xcel-energy-holding-back-substation-capacity-from-solar-developers-its-complicated/, 1970-01-01
https://globalenergyforum.online/ithaca-energy-ceo-steps-down/, 1970-01-01
https://globalenergyforum.online/jacobs-to-support-communities-and-utilities-in-a-new-on-call-contract-with-us-water-alliance/, 1970-01-01
https://globalenergyforum.online/jan-de-nul-and-abc-engines-announce-partnership-for-hybrid-marine-engines/, 1970-01-01
https://globalenergyforum.online/jan-de-nul-awarded-cable-contract-for-orsteds-hornsea-3/, 1970-01-01
https://globalenergyforum.online/japan-worried-u-s-pause-of-lng-export-approvals-may-delay-new-projects/, 1970-01-01
https://globalenergyforum.online/japans-largest-offshore-wind-farm-now-online/, 1970-01-01
https://globalenergyforum.online/jera-launches-commercial-operations-at-ishikari-bay-new-port-offshore-wind-farm/, 1970-01-01
https://globalenergyforum.online/jip-addresses-concrete-concerns-in-floating-offshore-wind/, 1970-01-01
https://globalenergyforum.online/kairos-hermes-secures-first-nrc-green-light-for-advanced-nuclear-non-lwr-reactor/, 1970-01-01
https://globalenergyforum.online/kansai-joins-floating-offshore-wind-project-in-norway/, 1970-01-01
https://globalenergyforum.online/kca-teams-with-pruitt-for-managed-pressure-drilling/, 1970-01-01
https://globalenergyforum.online/key-criteria-for-evaluating-sustainable-chemical-suppliers-a-buyers-guide/, 1970-01-01
https://globalenergyforum.online/kore-power-launches-two-u-s-manufactured-dc-blocks/, 1970-01-01
https://globalenergyforum.online/kraken-acquires-sennan-in-plan-to-increase-generation-storage-assets/, 1970-01-01
https://globalenergyforum.online/large-crude-unit-coker-shut-at-biggest-u-s-refinery/, 1970-01-01
https://globalenergyforum.online/largest-ever-transfer-of-uk-community-energy-assets-completed/, 1970-01-01
https://globalenergyforum.online/largest-solar-installation-in-mississippi-begins-operations/, 1970-01-01
https://globalenergyforum.online/late-2022-purchases-put-enviva-in-a-bind/, 1970-01-01
https://globalenergyforum.online/lets-think-differently-about-our-buildings/, 1970-01-01
https://globalenergyforum.online/lg-chem-lands-500000-ton-cathode-material-deal-with-gm/, 1970-01-01
https://globalenergyforum.online/lg-energy-solution-sees-mid-20-growth-in-global-ev-market-in-2024/, 1970-01-01
https://globalenergyforum.online/lhyfe-and-arec-occitanie-inaugurate-green-hydrogen-production-site/, 1970-01-01
https://globalenergyforum.online/lhyfe-and-edp-renewables-sign-corporate-ppa/, 1970-01-01
https://globalenergyforum.online/lhyfe-successfully-closes-its-first-corporate-syndicated-loan/, 1970-01-01
https://globalenergyforum.online/liberia-rrea-and-partners-move-to-provide-off-grid-electricity/, 1970-01-01
https://globalenergyforum.online/lionvolt-acquires-scottish-amte-power/, 1970-01-01
https://globalenergyforum.online/lithos-technology-reduces-water-use-in-lithium-extraction/, 1970-01-01
https://globalenergyforum.online/lng-supply-arrangements-new-deals-eyed-by-qatarenergy/, 1970-01-01
https://globalenergyforum.online/long-delayed-clean-hydrogen-guidelines-drafted-by-the-us/, 1970-01-01
https://globalenergyforum.online/long-duration-energy-storage-market-to-reach-223-billion-in-20-years/, 1970-01-01
https://globalenergyforum.online/long-duration-storage-market-will-do-wonders-in-20-years/, 1970-01-01
https://globalenergyforum.online/longi-nofar-romania-576-mw-sales-agreement/, 1970-01-01
https://globalenergyforum.online/longroads-largest-solar-project-to-begin-commercial-operations-in-mid-2025/, 1970-01-01
https://globalenergyforum.online/low-carbon-connects-new-solar-capacity-to-grid/, 1970-01-01
https://globalenergyforum.online/m10-solar-cell-prices-dive-to-new-record-low/, 1970-01-01
https://globalenergyforum.online/maine-towns-band-together-to-offer-energy-navigators-extra-funding-for-home-energy-upgrades/, 1970-01-01
https://globalenergyforum.online/major-hydropower-project-moves-forward-in-angola/, 1970-01-01
https://globalenergyforum.online/mangetti-well-offshore-namibia-finds-hydrocarbons/, 1970-01-01
https://globalenergyforum.online/market-to-be-short-oil-from-2025-onwards-occidental-ceo-at-davos/, 1970-01-01
https://globalenergyforum.online/mars-energy-group-integrates-calstate-solar-into-portfolio/, 1970-01-01
https://globalenergyforum.online/maryland-ratepayer-advocate-urges-ferc-to-reject-pjms-5-1b-transmission-cost-allocation-plan/, 1970-01-01
https://globalenergyforum.online/masdar-and-edf-partner-with-kyrgyz-republic-for-3-6-gw-hydropower-and-renewable-projects/, 1970-01-01
https://globalenergyforum.online/masdar-and-pln-advance-plans-to-develop-world-s-largest-floating-solar-plant/, 1970-01-01
https://globalenergyforum.online/masdar-and-pwc-middle-east-launch-west-african-renewables-report/, 1970-01-01
https://globalenergyforum.online/masdar-joins-rwe-in-north-sea-dogger-bank-wind-development/, 1970-01-01
https://globalenergyforum.online/masdar-signs-agreements-for-wind-and-potential-green-hydrogen-plant-in-jordan/, 1970-01-01
https://globalenergyforum.online/massive-federal-solar-investment-could-mean-big-utility-savings-in-kentucky-coal-country/, 1970-01-01
https://globalenergyforum.online/massive-hydrogen-battery-in-utah-us-a-reason-to-cherish-2/, 1970-01-01
https://globalenergyforum.online/massive-u-s-oil-caverns-sit-empty-and-will-take-years-to-refill/, 1970-01-01
https://globalenergyforum.online/mcdermott-awarded-epci-contract-offshore-trinidad-and-tobago/, 1970-01-01
https://globalenergyforum.online/mercom-reports-solar-companies-raised-34-3b-in-2023-corporate-funding/, 1970-01-01
https://globalenergyforum.online/meta-signs-with-adapture-for-330-mw-from-in-development-illinois-arkansas-projects/, 1970-01-01
https://globalenergyforum.online/meyer-burger-to-cease-pv-module-production-in-germany/, 1970-01-01
https://globalenergyforum.online/mhi-mitsubishi-power-report-breakthroughs-for-hydrogen-combustion-ammonia-burners/, 1970-01-01
https://globalenergyforum.online/michigan-gov-whitmer-signs-clean-energy-package-that-supports-waste-to-energy-landfill-gas/, 1970-01-01
https://globalenergyforum.online/michigan-passes-100-clean-energy-mandate/, 1970-01-01
https://globalenergyforum.online/michigans-new-clean-energy-package-is-historic-for-the-country-not-just-the-midwest/, 1970-01-01
https://globalenergyforum.online/milestone-for-hydrogen-generation-in-nt/, 1970-01-01
https://globalenergyforum.online/milestones-for-central-west-orana-rez/, 1970-01-01
https://globalenergyforum.online/millions-of-used-ev-batteries-challenge-recycling-industry/, 1970-01-01
https://globalenergyforum.online/minesto-achieves-first-electricity-to-grid-with-dragon-12/, 1970-01-01
https://globalenergyforum.online/minesto-s-tidal-kite-subsea-infrastructure-works-completed-offshore-faroe-islands/, 1970-01-01
https://globalenergyforum.online/minesto-tidal-energy-kite-delivers-first-electricity-to-faroe-islands-grid/, 1970-01-01
https://globalenergyforum.online/minneapolis-solar-nonprofit-is-proving-patience-can-bring-results-to-lower-income-residents/, 1970-01-01
https://globalenergyforum.online/mit-researchers-plan-to-use-acenes-to-make-singlet-fission-solar-cells/, 1970-01-01
https://globalenergyforum.online/mitigating-the-increased-risk-of-climate-change-impact-on-the-uks-nuclear-infrastructure/, 1970-01-01
https://globalenergyforum.online/mmhe-awards-mcdermott-t-i-contract-for-offshore-kasawari-ccs-project/, 1970-01-01
https://globalenergyforum.online/monarch-cement-evergy-energy-partner-on-kansas-solar-project/, 1970-01-01
https://globalenergyforum.online/moray-west-transition-pieces-arrive-at-port-of-nigg/, 1970-01-01
https://globalenergyforum.online/more-questions-than-answers-after-massachusetts-order-to-transition-from-natural-gas/, 1970-01-01
https://globalenergyforum.online/more-than-100-of-scotlands-electricity-demand-produced-by-renewables-for-first-time/, 1970-01-01
https://globalenergyforum.online/more-than-50-of-kentucky-manufacturing-facility-to-be-powered-by-solar/, 1970-01-01
https://globalenergyforum.online/most-read-articles-of-2023-pv-magazine-usa/, 1970-01-01
https://globalenergyforum.online/mou-on-mining-battery-materials-in-finland/, 1970-01-01
https://globalenergyforum.online/mou-to-study-potential-for-battery-recycling-facility/, 1970-01-01
https://globalenergyforum.online/mpc-closes-phase-ii-of-monte-plata-solar-park-financing/, 1970-01-01
https://globalenergyforum.online/mufg-to-fund-origis-344-million-for-golden-triangle-i-construction/, 1970-01-01
https://globalenergyforum.online/murphy-oil-appoints-new-president-coo-and-evp/, 1970-01-01
https://globalenergyforum.online/murphy-oil-corporation-announces-fourth-quarter-and-full-year-2023-results-preliminary-year-end-2023-reserves-2024-capital-expenditure-and-production-guidance/, 1970-01-01
https://globalenergyforum.online/naesb-to-develop-standardized-distribution-services-contract-to-facilitate-der-aggregation/, 1970-01-01
https://globalenergyforum.online/namibia-in-otjikoto-sps-to-decarbonize-gold-mining-with-solar-power/, 1970-01-01
https://globalenergyforum.online/national-grid-connects-richborough-energy-park-battery-to-grid/, 1970-01-01
https://globalenergyforum.online/nations-strike-final-deal-at-cop28-to-transition-away-from-fossil-fuels/, 1970-01-01
https://globalenergyforum.online/natural-gas-export-projects-hang-in-the-balance-as-biden-mulls-climate-test/, 1970-01-01
https://globalenergyforum.online/naturgy-begins-construction-on-second-u-s-solar-plant/, 1970-01-01
https://globalenergyforum.online/nautilus-acquires-75-6-mw-in-illinois-community-solar/, 1970-01-01
https://globalenergyforum.online/nebraska-introduces-legislation-to-prevent-hoa-from-barring-solar-installation/, 1970-01-01
https://globalenergyforum.online/need-social-media-management-let-energynow-social-media-experts-drive-your-on-line-presence-in-2024-learn-more/, 1970-01-01
https://globalenergyforum.online/neo-battery-materials-files-silicon-composite-anodes-patent/, 1970-01-01
https://globalenergyforum.online/neoen-wind-farm-and-battery-to-help-power-bhp-mine/, 1970-01-01
https://globalenergyforum.online/new-60-mw-pv-park-to-be-built-in-constanta-county/, 1970-01-01
https://globalenergyforum.online/new-bess-and-solar-farm-now-operational-in-wa/, 1970-01-01
https://globalenergyforum.online/new-calculator-provides-real-info-on-ev-v-ice-emissions/, 1970-01-01
https://globalenergyforum.online/new-eu-90-emission-2040-dip-target-and-green-hydrogen/, 1970-01-01
https://globalenergyforum.online/new-geospatial-technology-organizes-interprets-marine-big-data/, 1970-01-01
https://globalenergyforum.online/new-global-alliance-for-co2-negative-methanol/, 1970-01-01
https://globalenergyforum.online/new-grid-connection-rules-under-public-consultations/, 1970-01-01
https://globalenergyforum.online/new-jersey-approves-two-offshore-wind-projects-totaling-3-7-gw/, 1970-01-01
https://globalenergyforum.online/new-prize-to-spur-aussie-innovation-in-hydrogen/, 1970-01-01
https://globalenergyforum.online/new-report-highlights-potential-of-aussie-agrisolar/, 1970-01-01
https://globalenergyforum.online/new-solar-tree-design-offers-improved-module-cooling-lower-shading-losses/, 1970-01-01
https://globalenergyforum.online/new-uk-and-republic-of-korea-clean-energy-partnership-to-accelerate-net-zero-transition/, 1970-01-01
https://globalenergyforum.online/new-york-proposes-15-safety-recommendations-for-battery-energy-storage-facilities/, 1970-01-01
https://globalenergyforum.online/new-york-state-needs-to-install-over-3gw-of-energy-storage-in-the-next-seven-years/, 1970-01-01
https://globalenergyforum.online/nexi-provides-loan-insurance-to-swedens-northvolt-for-battery-plant-expansion/, 1970-01-01
https://globalenergyforum.online/nexwafe-expands-solar-wafer-production-to-u-s/, 1970-01-01
https://globalenergyforum.online/nigeria-group-announces-more-mini-grid-deployments/, 1970-01-01
https://globalenergyforum.online/niobium-additives-make-ev-batteries-smaller-and-lighter/, 1970-01-01
https://globalenergyforum.online/nipsco-linde-to-pay-66-7m-to-settle-charges-for-gaming-miso-demand-response-program/, 1970-01-01
https://globalenergyforum.online/nomad-electric-implements-first-epc-contract-for-pv-projects-in-portugal/, 1970-01-01
https://globalenergyforum.online/nordex-group-installs-first-turbines-on-self-developed-hybrid-towers/, 1970-01-01
https://globalenergyforum.online/nordex-receives-150-mw-of-uk-orders/, 1970-01-01
https://globalenergyforum.online/north-carolina-court-hears-challenge-to-duke-energys-reduced-credits-for-rooftop-solar/, 1970-01-01
https://globalenergyforum.online/northern-territory-claims-highest-take-up-of-solar-batteries/, 1970-01-01
https://globalenergyforum.online/northvolt-raises-5-billion-to-finance-swedish-gigafactory-expansion/, 1970-01-01
https://globalenergyforum.online/northwest-pipe-company-hires-new-general-manager-for-geneva-pipe-and-precast/, 1970-01-01
https://globalenergyforum.online/norway-oil-and-gas-investments-set-to-soar-in-2024-industry-says/, 1970-01-01
https://globalenergyforum.online/norway-opens-worlds-first-wind-powered-offshore-oil-platform/, 1970-01-01
https://globalenergyforum.online/norways-new-gas-field-highlights-tensions-as-climate-talks-open/, 1970-01-01
https://globalenergyforum.online/norways-oil-and-gas-companies-to-step-up-exploration-this-year/, 1970-01-01
https://globalenergyforum.online/nova-scotias-largest-utility-scale-solar-facility-is-complete/, 1970-01-01
https://globalenergyforum.online/november-high-pressure-delivers-high-irradiance-in-the-northeast-u-s-clouds-in-the-gulf/, 1970-01-01
https://globalenergyforum.online/nsw-to-fast-track-750mw-of-renewables/, 1970-01-01
https://globalenergyforum.online/nuclear-power-surge-in-france-may-cut-local-power-emissions/, 1970-01-01
https://globalenergyforum.online/nyc-area-energy-storage-developer-nets-225-million-investment/, 1970-01-01
https://globalenergyforum.online/nyc-solar-mecca-created-by-policies-and-incentives/, 1970-01-01
https://globalenergyforum.online/nypa-explores-partnering-with-private-sector-to-develop-own-renewables-and-batteries/, 1970-01-01
https://globalenergyforum.online/occidental-petroleum-in-talks-to-buy-crownrock/, 1970-01-01
https://globalenergyforum.online/occidental-petroleum-to-buy-crownrock-in-12-billion-deal/, 1970-01-01
https://globalenergyforum.online/occidental-to-acquire-crownrock-strengthening-its-u-s-onshore-portfolio-with-premier-permian-basin-assets/, 1970-01-01
https://globalenergyforum.online/oceaneering-secures-gom-black-sea-umbilicals-contracts/, 1970-01-01
https://globalenergyforum.online/octopus-energy-charges-up-joint-venture-storage-project/, 1970-01-01
https://globalenergyforum.online/octopus-renewables-infrastructure-trust-acquires-irish-solar-farms/, 1970-01-01
https://globalenergyforum.online/off-grid-solar-ev-charging-system-designed-for-quick-installation/, 1970-01-01
https://globalenergyforum.online/offshore-sabah-partners-get-funding-for-next-phase-2d-acquisition/, 1970-01-01
https://globalenergyforum.online/offshore-wind-impetus-set-to-continue-in-2024-report-claims/, 1970-01-01
https://globalenergyforum.online/oil-climbs-1-as-tankers-avoid-red-sea-after-strikes-on-houthis/, 1970-01-01
https://globalenergyforum.online/oil-consumption-and-prices-revert-to-trend-john-kemp/, 1970-01-01
https://globalenergyforum.online/oil-creeps-higher-as-geopolitics-outweigh-demand-concerns/, 1970-01-01
https://globalenergyforum.online/oil-demand-in-asia-africa-boosted-by-cheap-russian-crude/, 1970-01-01
https://globalenergyforum.online/oil-drops-more-than-1-despite-middle-east-conflict/, 1970-01-01
https://globalenergyforum.online/oil-extends-gains-on-middle-east-supply-worries/, 1970-01-01
https://globalenergyforum.online/oil-falls-as-chinas-economic-recovery-disappoints-dollar-strengthens/, 1970-01-01
https://globalenergyforum.online/oil-gains-over-2-but-records-seventh-weekly-decline/, 1970-01-01
https://globalenergyforum.online/oil-gas-lobby-group-api-warns-against-u-s-slowing-lng-approvals/, 1970-01-01
https://globalenergyforum.online/oil-heads-for-seven-week-decline-for-first-time-in-five-years/, 1970-01-01
https://globalenergyforum.online/oil-heads-for-weekly-gain-as-middle-east-tensions-support/, 1970-01-01
https://globalenergyforum.online/oil-investors-are-adrift-in-red-sea-rip-currents/, 1970-01-01
https://globalenergyforum.online/oil-is-everywhere-at-cop28-vexing-those-seeking-its-demise/, 1970-01-01
https://globalenergyforum.online/oil-majors-rejig-portfolios-with-30-per-barrel-price-in-mind/, 1970-01-01
https://globalenergyforum.online/oil-output-in-north-dakota-fell-in-dec-despite-record-well-count/, 1970-01-01
https://globalenergyforum.online/oil-pipeline-owner-plains-searches-for-deals-as-shale-m-a-heats-up/, 1970-01-01
https://globalenergyforum.online/oil-price-premiums-in-future-months-signal-supply-glut/, 1970-01-01
https://globalenergyforum.online/oil-prices-gain-around-1-as-red-sea-tension-persists/, 1970-01-01
https://globalenergyforum.online/oil-prices-hold-near-six-month-lows/, 1970-01-01
https://globalenergyforum.online/oil-prices-rise-on-uncertainty-over-opec-cuts-and-middle-east-tensions/, 1970-01-01
https://globalenergyforum.online/oil-prices-set-to-end-year-10-lower-as-demand-concerns-snap-winning-streak/, 1970-01-01
https://globalenergyforum.online/oil-prices-shed-10-in-2023-as-supply-demand-concerns-weigh/, 1970-01-01
https://globalenergyforum.online/oil-prices-slide-as-red-sea-transport-disruptions-ease/, 1970-01-01
https://globalenergyforum.online/oil-prices-stabilise-after-slump-on-underwhelming-opec-cuts/, 1970-01-01
https://globalenergyforum.online/oil-rises-by-more-than-1-on-red-sea-tanker-attack-re-routings/, 1970-01-01
https://globalenergyforum.online/oil-rises-on-gaza-ceasefire-rejection-and-u-s-stock-data/, 1970-01-01
https://globalenergyforum.online/oil-rises-on-u-s-crude-stock-draw-red-sea-attack/, 1970-01-01
https://globalenergyforum.online/oil-settles-at-highest-in-nearly-8-weeks-on-strong-economic-growth/, 1970-01-01
https://globalenergyforum.online/oil-settles-lower-but-notches-weekly-gain-ahead-of-opec-decision/, 1970-01-01
https://globalenergyforum.online/oil-slips-after-rally-last-week-on-middle-east-right-supply-2/, 1970-01-01
https://globalenergyforum.online/oil-slips-as-weak-sentiment-counters-middle-east-tensions/, 1970-01-01
https://globalenergyforum.online/oil-stages-small-recovery-as-weak-economic-outlook-lingers/, 1970-01-01
https://globalenergyforum.online/oil-steadies-as-china-announces-stimulus/, 1970-01-01
https://globalenergyforum.online/oil-terminal-has-completed-a-55000cbm-storage-tank/, 1970-01-01
https://globalenergyforum.online/oil-titan-reshaping-texas-gop-targets-a-10-billion-windfall/, 1970-01-01
https://globalenergyforum.online/okea-following-through-with-north-sea-statfjord-entry/, 1970-01-01
https://globalenergyforum.online/ongc-achieves-first-oil-in-deepwater-bay-of-bengal/, 1970-01-01
https://globalenergyforum.online/onyx-renewables-and-qcells-partner-on-solar-plus-storage-projects-in-massachusetts/, 1970-01-01
https://globalenergyforum.online/opec-agrees-to-voluntary-oil-output-cuts-invites-brazil-to-join/, 1970-01-01
https://globalenergyforum.online/opec-blames-exaggerated-demand-concerns-for-oil-price-drop/, 1970-01-01
https://globalenergyforum.online/opec-faces-declining-demand-and-shrinking-market-share-in-early-2024/, 1970-01-01
https://globalenergyforum.online/opec-moving-closer-to-compromise-with-african-producers/, 1970-01-01
https://globalenergyforum.online/opec-set-to-hold-monitoring-meeting-in-early-february/, 1970-01-01
https://globalenergyforum.online/opec-stresses-opec-unity-after-angola-exit/, 1970-01-01
https://globalenergyforum.online/opec-talks-continue-no-meeting-delay-currently-expected/, 1970-01-01
https://globalenergyforum.online/opecs-mission-for-2024-is-looking-even-tougher/, 1970-01-01
https://globalenergyforum.online/opinion-exxon-activists-should-be-banished-with-vote-not-court/, 1970-01-01
https://globalenergyforum.online/optimizing-turbine-repair-resources/, 1970-01-01
https://globalenergyforum.online/origin-approves-large-scale-battery-at-mortlake-power-station/, 1970-01-01
https://globalenergyforum.online/origin-rejects-brookfields-plan-b-as-12-billion-deal-teeters/, 1970-01-01
https://globalenergyforum.online/ormat-completes-asset-acquisition-from-egpna/, 1970-01-01
https://globalenergyforum.online/orsted-and-eversource-propose-updated-wind-project-in-new-york/, 1970-01-01
https://globalenergyforum.online/orsted-and-pge-selects-dnv-to-certify-baltica-2-offshore-wind-farm/, 1970-01-01
https://globalenergyforum.online/orsted-cuts-costs-with-new-business-plan-receives-s-p-downgrade-over-offshore-wind-risks/, 1970-01-01
https://globalenergyforum.online/orsted-takes-fid-on-farranrory-onshore-wind-farm/, 1970-01-01
https://globalenergyforum.online/orsted-takes-fid-on-hornsea-3-offshore-wind-farm/, 1970-01-01
https://globalenergyforum.online/orsted-takes-fid-on-irish-wind-farm/, 1970-01-01
https://globalenergyforum.online/osbit-to-deliver-cable-repair-equipment-for-n-sea/, 1970-01-01
https://globalenergyforum.online/osbit-to-engineer-construct-offshore-cable-repair-system/, 1970-01-01
https://globalenergyforum.online/over-80-of-execution-agreements-for-neptun-deep-project-awarded/, 1970-01-01
https://globalenergyforum.online/over-half-of-solar-facility-loss-claim-costs-are-due-to-hail-damage/, 1970-01-01
https://globalenergyforum.online/ox2-and-ingka-investments-apply-for-3-1-gw-offshore-hub/, 1970-01-01
https://globalenergyforum.online/pacific-blue-hits-grand-slam-with-australian-open-partnership/, 1970-01-01
https://globalenergyforum.online/pacific-green-targets-12gwh-battery-energy-storage-in-2024/, 1970-01-01
https://globalenergyforum.online/park-the-politics-biden-urged-to-reverse-lng-pause-by-global-business-groups/, 1970-01-01
https://globalenergyforum.online/pde-offshore-orders-second-sonardyne-usbl-system-for-wind-farm-surveys/, 1970-01-01
https://globalenergyforum.online/pemex-platform-offshore-mexico-leaked-clouds-of-methane-even-after-un-alert/, 1970-01-01
https://globalenergyforum.online/people-on-the-move-array-technologies-baker-botts-key-capture-and-more/, 1970-01-01
https://globalenergyforum.online/people-on-the-move-glidepath-power-solutions-onyx-renewable-partners-and-more/, 1970-01-01
https://globalenergyforum.online/people-on-the-move-seia-rec-solar-baywa-r-e-and-more/, 1970-01-01
https://globalenergyforum.online/petronas-awards-offshore-malaysia-blocks-opens-2024-bid-round/, 1970-01-01
https://globalenergyforum.online/pgs-upgrading-imaging-of-niger-delta-basin-exploration-play/, 1970-01-01
https://globalenergyforum.online/photovoltaics-for-marine-wildlife-telemetry-devices/, 1970-01-01
https://globalenergyforum.online/plains-all-american-pipeline-and-plains-gp-holdings-announce-quarterly-distributions-and-timing-of-fourth-quarter-2023-earnings/, 1970-01-01
https://globalenergyforum.online/plans-announced-for-first-tidal-energy-plant-in-southeast-asia/, 1970-01-01
https://globalenergyforum.online/plans-progressing-for-next-phase-drilling-in-dorado-area-offshore-australia/, 1970-01-01
https://globalenergyforum.online/plus-power-to-construct-175-mw-350-mwh-energy-storage-in-maine/, 1970-01-01
https://globalenergyforum.online/poland-set-to-end-coal-fired-power-generation/, 1970-01-01
https://globalenergyforum.online/politics-and-energy-biden-freezes-approvals-to-export-gas-imperiling-major-projects-worth-billions-of-dollars/, 1970-01-01
https://globalenergyforum.online/polysilicon-prices-could-hit-all-time-low-by-year-end/, 1970-01-01
https://globalenergyforum.online/powers-top-5-posts-from-2023/, 1970-01-01
https://globalenergyforum.online/pre-feasibility-study-for-nordic-baltic-hydrogen-corridor-launched/, 1970-01-01
https://globalenergyforum.online/predictive-ai-transforming-the-energy-sector-all-the-way/, 1970-01-01
https://globalenergyforum.online/premium-of-u-s-oil-over-natgas-hits-11-year-high-on-natgas-price-plunge/, 1970-01-01
https://globalenergyforum.online/price-ceiling-on-gas-to-be-extended-till-january-2025-eu/, 1970-01-01
https://globalenergyforum.online/prices-firm-on-lng-supply-concerns/, 1970-01-01
https://globalenergyforum.online/propelling-e-mobility-forward/, 1970-01-01
https://globalenergyforum.online/psa-responds-to-injury-onboard-north-sea-brage-platform/, 1970-01-01
https://globalenergyforum.online/pttep-lists-e-p-priorities-for-2024/, 1970-01-01
https://globalenergyforum.online/publicly-traded-solar-installer-sunworks-files-for-bankruptcy/, 1970-01-01
https://globalenergyforum.online/puget-sound-energy-autogrid-aim-to-develop-a-100-mw-virtual-power-plant-by-2025/, 1970-01-01
https://globalenergyforum.online/pvh-reduces-installation-time-by-40-with-in-house-pre-assembly/, 1970-01-01
https://globalenergyforum.online/qcells-inks-its-largest-module-and-epc-agreement/, 1970-01-01
https://globalenergyforum.online/qcells-to-supply-microsoft-with-12-gw-of-solar-panels-in-expanded-partnership/, 1970-01-01
https://globalenergyforum.online/qld-gov-unveils-10m-battery-rebate-program/, 1970-01-01
https://globalenergyforum.online/quantumscape-solid-state-cell-completes-over-1000-charging-cycles-with-barely-any-loss-of-charge/, 1970-01-01
https://globalenergyforum.online/queensland-to-legislate-new-2035-emissions-target/, 1970-01-01
https://globalenergyforum.online/raaf-darwin-solar-generator-online-after-lengthy-delay/, 1970-01-01
https://globalenergyforum.online/racoon-triggers-blackout-in-canadas-largest-city/, 1970-01-01
https://globalenergyforum.online/radial-power-closes-80-million-in-tax-equity-financing-from-bank-of-america/, 1970-01-01
https://globalenergyforum.online/radiance-solar-pivot-energy-collaborate-on-illinois-community-solar-projects/, 1970-01-01
https://globalenergyforum.online/randazzo-indictment-sparks-renewed-calls-for-full-regulatory-review-in-ohio/, 1970-01-01
https://globalenergyforum.online/range-announces-fourth-quarter-production-and-pricing/, 1970-01-01
https://globalenergyforum.online/raymond-implements-energy-storage-and-generating-systems-at-warehouse/, 1970-01-01
https://globalenergyforum.online/record-230gw-renewable-projects-in-china-likely-in-2023/, 1970-01-01
https://globalenergyforum.online/record-breaking-q3-for-u-s-energy-storage-deployment/, 1970-01-01
https://globalenergyforum.online/recurrent-energy-secures-500-million-equity-investment-to-further-solar-development/, 1970-01-01
https://globalenergyforum.online/recurrent-energy-secures-financing-for-bayou-galion-project/, 1970-01-01
https://globalenergyforum.online/red-sea-worries-cause-spike-in-refined-fuel-prices-but-market-will-adjust-russell/, 1970-01-01
https://globalenergyforum.online/redflow-receives-go-ahead-for-15mwh-of-long-duration-energy-storage-in-california/, 1970-01-01
https://globalenergyforum.online/reflectors-in-space-could-make-solar-on-earth-work-for-longer/, 1970-01-01
https://globalenergyforum.online/registration-opens-for-global-coil-winding-and-electrical-manufacturing-event/, 1970-01-01
https://globalenergyforum.online/renantis-agrivoltaic-project-in-sicily-reaches-commercial-operation/, 1970-01-01
https://globalenergyforum.online/renewable-energy-growth-must-accelerate-to-reach-2030-goal-iea/, 1970-01-01
https://globalenergyforum.online/renewable-energy-investment-plan-introduced-by-indonesia/, 1970-01-01
https://globalenergyforum.online/renewable-energy-outlook-addressing-supply-chain-project-hurdles-could-see-dividends-in-2024/, 1970-01-01
https://globalenergyforum.online/renewables-helping-china-to-halve-power-prices-compared-to-us-europe/, 1970-01-01
https://globalenergyforum.online/renewables-in-remote-nt-communities-a-step-closer/, 1970-01-01
https://globalenergyforum.online/renewables-jv-to-build-new-zealands-largest-solar-farm/, 1970-01-01
https://globalenergyforum.online/report-outlines-north-seas-potential-for-future-carbon-storage/, 1970-01-01
https://globalenergyforum.online/report-shows-sluggish-investment-in-renewables-projects/, 1970-01-01
https://globalenergyforum.online/researchers-at-fermilab-use-electron-beams-to-eradicate-forever-chemicals-in-water/, 1970-01-01
https://globalenergyforum.online/revolutionizing-water-safety-new-study-makes-tap-water-cleaner-and-safe/, 1970-01-01
https://globalenergyforum.online/rewiring-australia-calls-for-overhaul-of-electricity-market/, 1970-01-01
https://globalenergyforum.online/rfp-alert-new-york-seeks-expedited-solar/, 1970-01-01
https://globalenergyforum.online/rmc-switchgears-unveils-subsidiary-for-water-management-in-india-with-iot-tech/, 1970-01-01
https://globalenergyforum.online/road-or-us/, 1970-01-01
https://globalenergyforum.online/roadmap-for-domestic-solar-manufacturing-pathway/, 1970-01-01
https://globalenergyforum.online/roadmap-paves-path-for-australian-solar-pv-manufacturing/, 1970-01-01
https://globalenergyforum.online/romanias-ministry-of-energy-to-focus-again-on-batteries-and-pv-panels-2/, 1970-01-01
https://globalenergyforum.online/rooftop-solar-rollout-speeds-up-solar-farms-slowing-down/, 1970-01-01
https://globalenergyforum.online/russia-and-saudi-arabia-urge-all-opec-powers-to-join-oil-cuts/, 1970-01-01
https://globalenergyforum.online/russia-exports-almost-all-its-oil-to-china-and-india/, 1970-01-01
https://globalenergyforum.online/rwe-and-partners-secure-wind-contracts-for-119-mw/, 1970-01-01
https://globalenergyforum.online/rwe-and-ppc-to-build-solar-projects-in-greece/, 1970-01-01
https://globalenergyforum.online/rwe-and-ppc-to-construct-450mw-solar-project-in-greece/, 1970-01-01
https://globalenergyforum.online/rwe-doubles-elisenhof-wind-farm-power-output/, 1970-01-01
https://globalenergyforum.online/rwe-erects-first-batteries-at-neurath-power-plant/, 1970-01-01
https://globalenergyforum.online/rwe-secures-contracts-for-french-renewable-projects/, 1970-01-01
https://globalenergyforum.online/rwe-to-build-new-wind-farm-in-hessian-state-forest/, 1970-01-01
https://globalenergyforum.online/sae-receives-planning-consent-for-new-bess-project/, 1970-01-01
https://globalenergyforum.online/samsung-sdis-2023-operating-profit-up-93/, 1970-01-01
https://globalenergyforum.online/santos-gets-clearance-for-timor-sea-barossa-drilling-proposals/, 1970-01-01
https://globalenergyforum.online/santos-jumps-on-prospect-of-a-80-billion-lng-deal-with-woodside-energy/, 1970-01-01
https://globalenergyforum.online/santos-wins-barossa-gas-battle-against-tiwi-islanders/, 1970-01-01
https://globalenergyforum.online/sarens-involved-in-maintenance-works-at-whitla-wind-facility-in-alberta/, 1970-01-01
https://globalenergyforum.online/saudi-arabia-says-for-first-time-some-2030-projects-delayed/, 1970-01-01
https://globalenergyforum.online/saudi-arabia-seeks-opec-oil-quota-cuts-while-some-members-resist/, 1970-01-01
https://globalenergyforum.online/saudi-based-acwa-power-inks-ppa-to-build-solar-farm-in-sa/, 1970-01-01
https://globalenergyforum.online/saudi-oil-u-turn-stokes-doubts-over-future-demand/, 1970-01-01
https://globalenergyforum.online/sb-energy-secures-2-4-billion-for-incentive-rich-utility-scale-solar-projects/, 1970-01-01
https://globalenergyforum.online/sb-energy-secures-us-2-4-billion-for-renewable-energy-projects/, 1970-01-01
https://globalenergyforum.online/scaling-up-offshore-renewable-auctions-a-need-for-japan/, 1970-01-01
https://globalenergyforum.online/scatec-begins-solar-battery-storage-production-at-kenhardt-plants/, 1970-01-01
https://globalenergyforum.online/sceirde-rocks-wind-farm-completes-ocean-surveys/, 1970-01-01
https://globalenergyforum.online/scientists-find-clusters-of-atmospheric-rivers-amplify-storm-damages-three-to-four-fold/, 1970-01-01
https://globalenergyforum.online/scotland-transmission-infra-eyes-tenders-worth-6-8-billion/, 1970-01-01
https://globalenergyforum.online/seadrill-books-more-work-for-two-drillships/, 1970-01-01
https://globalenergyforum.online/seaway7-and-dong-fang-offshore-collaborate-on-offshore-wind-in-taiwan/, 1970-01-01
https://globalenergyforum.online/sec-invests-245m-in-melbourne-renewable-ub/, 1970-01-01
https://globalenergyforum.online/secure-solar-futures-signs-ppa-with-tazewell-four-seasons-ymca-for-on-site-array/, 1970-01-01
https://globalenergyforum.online/semiconductor-production-in-china-to-see-a-whopping-surge/, 1970-01-01
https://globalenergyforum.online/semisub-rig-starts-drilling-for-trident-offshore-equatorial-guinea/, 1970-01-01
https://globalenergyforum.online/serica-energy-ceo-reflects-on-state-of-the-uk-offshore-oil-and-gas-industry/, 1970-01-01
https://globalenergyforum.online/servotech-files-two-patents-for-innovative-ev-charger-technology-to-revolutionize-ev-charging-infrastructure/, 1970-01-01
https://globalenergyforum.online/seven-community-solar-projects-to-deliver-bill-savings-to-low-income-residents/, 1970-01-01
https://globalenergyforum.online/shale-oil-producer-partners-with-environmental-intelligence-platform/, 1970-01-01
https://globalenergyforum.online/sharp-unveils-575-w-topcon-solar-panel-with-22-26-efficiency/, 1970-01-01
https://globalenergyforum.online/sharp-unveils-580-w-topcon-solar-panel-with-22-45-efficiency/, 1970-01-01
https://globalenergyforum.online/shearwater-conducting-obn-survey-offshore-india/, 1970-01-01
https://globalenergyforum.online/shearwater-geoservices-wins-3d-seismic-survey-contract-for-eastern-offshore-india-from-ongc/, 1970-01-01
https://globalenergyforum.online/shelf-drilling-secures-jackup-rig-contract-offshore-vietnam/, 1970-01-01
https://globalenergyforum.online/shell-extends-job-cuts-as-ceo-seeks-to-trim-costs/, 1970-01-01
https://globalenergyforum.online/shell-signs-20-year-supply-deal-with-canadian-lng-upstart/, 1970-01-01
https://globalenergyforum.online/shell-takes-control-of-gom-kaikias-field/, 1970-01-01
https://globalenergyforum.online/shell-takes-fid-on-deepwater-sparta-development-in-gom/, 1970-01-01
https://globalenergyforum.online/shell-using-abl-software-for-oil-and-gas-project-optimization/, 1970-01-01
https://globalenergyforum.online/sinovoltaics-now-offers-quality-assurance-for-u-s-solar-and-storage-markets/, 1970-01-01
https://globalenergyforum.online/six-reasons-oil-and-gas-organizations-need-to-implement-an-industrial-cybersecurity-program/, 1970-01-01
https://globalenergyforum.online/sk-innovation-exploring-canada-for-separator-plant-report/, 1970-01-01
https://globalenergyforum.online/skeleton-appoints-tobias-huppe-as-coo/, 1970-01-01
https://globalenergyforum.online/skylight-lending-secures-credit-facility-with-m-t-bank/, 1970-01-01
https://globalenergyforum.online/slb-beats-on-fourth-quarter-profit-on-strong-international-demand/, 1970-01-01
https://globalenergyforum.online/slb-nabors-announce-automated-drilling-collaboration/, 1970-01-01
https://globalenergyforum.online/slippery-toilet-bowl-treatment-causes-bacteria-to-slide-right-off/, 1970-01-01
https://globalenergyforum.online/slow-investment-confirmed-in-2023-q3-renewables-report/, 1970-01-01
https://globalenergyforum.online/sma-solar-technology-sets-sights-on-u-s-expansion/, 1970-01-01
https://globalenergyforum.online/sma-to-build-3-5-gw-inverter-factory-in-u-s/, 1970-01-01
https://globalenergyforum.online/small-town-in-maine-bans-commercial-solar/, 1970-01-01
https://globalenergyforum.online/snapnrack-launches-solar-mounting-solutions/, 1970-01-01
https://globalenergyforum.online/socomec-india-unveils-strategic-expansion-plans-to-sri-lanka-and-bangladesh-reinforces-commitment-to-make-in-india/, 1970-01-01
https://globalenergyforum.online/software-glitch-may-have-caused-pipelay-buckling-incident-offshore-australia/, 1970-01-01
https://globalenergyforum.online/sol-systems-announces-new-cto/, 1970-01-01
https://globalenergyforum.online/solar-attachment-solution-designed-to-simplify-wire-management/, 1970-01-01
https://globalenergyforum.online/solar-corporate-funding-hits-decade-long-high-in-2023/, 1970-01-01
https://globalenergyforum.online/solar-home-sales-location-and-premium-price/, 1970-01-01
https://globalenergyforum.online/solar-installers-and-fire-officials-look-for-compromise-on-massachusetts-fire-code/, 1970-01-01
https://globalenergyforum.online/solar-is-a-team-sport/, 1970-01-01
https://globalenergyforum.online/solar-power-from-southern-namibia-solarcentury-injects-60-mwp-into-sapp/, 1970-01-01
https://globalenergyforum.online/solar-recycling-headquarters-and-research-lab-opens-in-arizona/, 1970-01-01
https://globalenergyforum.online/solar-tracker-provider-nextracker-amps-up-its-2024-earnings-guidance/, 1970-01-01
https://globalenergyforum.online/solar-wafer-prices-marginally-rise-supported-by-currency-exchange-rate/, 1970-01-01
https://globalenergyforum.online/solarapp-speeds-solar-permitting-for-more-than-160-communities/, 1970-01-01
https://globalenergyforum.online/solaredge-to-reduce-global-workforce/, 1970-01-01
https://globalenergyforum.online/solareit-launches-capital-solutions-for-bess-developers/, 1970-01-01
https://globalenergyforum.online/solcasts-solstice-forecast-long-term-trends-and-forecast/, 1970-01-01
https://globalenergyforum.online/solstad-offshore-inks-two-csv-contracts/, 1970-01-01
https://globalenergyforum.online/soltec-unveils-new-solar-tracker-designed-for-u-s-market/, 1970-01-01
https://globalenergyforum.online/some-workers-at-norway-s-ekofisk-oil-field-plan-strike-action/, 1970-01-01
https://globalenergyforum.online/south-africa-looking-at-nuclear-power-to-solve-load-shedding-crisis/, 1970-01-01
https://globalenergyforum.online/south-dakota-puc-asks-xcel-energy-to-reconsider-closing-king-sherco-coal-plants/, 1970-01-01
https://globalenergyforum.online/sparkie-develops-australias-first-portable-ev-charger/, 1970-01-01
https://globalenergyforum.online/spearmint-energy-brings-its-first-texas-battery-energy-storage-plant-online/, 1970-01-01
https://globalenergyforum.online/spearmint-energy-partners-with-nuveen/, 1970-01-01
https://globalenergyforum.online/standard-solar-expands-into-texas-with-recent-solar-acquisition/, 1970-01-01
https://globalenergyforum.online/standardised-remote-control-for-water-and-wastewater-sites/, 1970-01-01
https://globalenergyforum.online/star-energy-mobilises-drill-rig/, 1970-01-01
https://globalenergyforum.online/statkraft-signs-ppa-and-cppa-for-uk-solar-farm/, 1970-01-01
https://globalenergyforum.online/statkraft-to-acquire-major-loch-ness-pumped-storage-hydro-project/, 1970-01-01
https://globalenergyforum.online/stellantis-and-ample-sign-binding-agreement-for-battery-swapping-solution/, 1970-01-01
https://globalenergyforum.online/steyr-automotive-site-pv-roof-project-goes-into-operation/, 1970-01-01
https://globalenergyforum.online/strata-breaks-ground-on-1-gwh-phoenix-energy-storage-project/, 1970-01-01
https://globalenergyforum.online/study-paves-way-for-li-metals-commercial-production-of-lithium-metal-in-north-america/, 1970-01-01
https://globalenergyforum.online/suez-secures-key-contract-for-water-treatment-plant-project-in-jakarta/, 1970-01-01
https://globalenergyforum.online/summit-energy-expands-into-pennsylvania-market/, 1970-01-01
https://globalenergyforum.online/summit-ridge-energy-selects-castillo-engineering-for-solar-project-services/, 1970-01-01
https://globalenergyforum.online/summit-ridge-plans-26-community-solar-installations-in-illinois/, 1970-01-01
https://globalenergyforum.online/sunflower-electric-partners-on-third-kansas-solar-project/, 1970-01-01
https://globalenergyforum.online/sungrow-to-supply-edf-renewables-umoyilanga-project/, 1970-01-01
https://globalenergyforum.online/sunnova-adaptive-home-to-feature-lumin-smart-panel/, 1970-01-01
https://globalenergyforum.online/sunpower-breaches-credit-agreement-warns-business-may-go-under/, 1970-01-01
https://globalenergyforum.online/sunrise-brief-bipartisan-senators-request-increased-tariffs-on-solar-imports-from-china/, 1970-01-01
https://globalenergyforum.online/sunrise-brief-california-added-insult-to-injury-latest-anti-solar-ruling/, 1970-01-01
https://globalenergyforum.online/sunrise-brief-carbon-capture-hubs-could-present-solution-for-industrial-emitters/, 1970-01-01
https://globalenergyforum.online/sunrise-brief-cubicpv-announces-1-billion-long-term-silicon-supply-agreement/, 1970-01-01
https://globalenergyforum.online/sunrise-brief-enphase-launches-three-phase-inverter-for-commercial-market/, 1970-01-01
https://globalenergyforum.online/sunrise-brief-guidance-released-for-45x-clean-energy-manufacturing-tax-credits/, 1970-01-01
https://globalenergyforum.online/sunrise-brief-heliene-expands-solar-manufacturing-in-the-u-s/, 1970-01-01
https://globalenergyforum.online/sunrise-brief-largest-solar-and-storage-project-in-u-s-activated/, 1970-01-01
https://globalenergyforum.online/sunrise-brief-many-states-transition-away-from-net-metering/, 1970-01-01
https://globalenergyforum.online/sunrise-brief-pre-assembled-nickel-hydrogen-energy-storage-solution/, 1970-01-01
https://globalenergyforum.online/sunrise-brief-solar-workers-furloughed-days-after-unionizing/, 1970-01-01
https://globalenergyforum.online/sunrise-brief-solid-state-battery-charges-in-minutes-lasts-for-thousands-of-cycles/, 1970-01-01
https://globalenergyforum.online/sunrise-brief-south-dakota-solar-up-3600-in-2023/, 1970-01-01
https://globalenergyforum.online/sunrise-brief-u-s-government-identifies-22-million-acres-for-solar-in-western-states/, 1970-01-01
https://globalenergyforum.online/sunrise-brief-unprecedented-solar-and-storage-growth-on-horizon/, 1970-01-01
https://globalenergyforum.online/sunrise-brief-utility-opposition-stymies-fair-access-to-community-solar-act-in-washington/, 1970-01-01
https://globalenergyforum.online/sunrise-brief-venture-capital-funding-in-energy-storage-increases-59-year-over-year/, 1970-01-01
https://globalenergyforum.online/sunrise-brief-whos-putting-solar-on-their-roof-and-why/, 1970-01-01
https://globalenergyforum.online/sunrun-pg-e-complete-first-season-of-residential-distributed-power-program/, 1970-01-01
https://globalenergyforum.online/sunshine-state-celebrates-1-million-rooftop-solar-installations/, 1970-01-01
https://globalenergyforum.online/surge-in-lithium-stocks-raise-hope-rout-in-ev-metal-almost-done/, 1970-01-01
https://globalenergyforum.online/suriname-confirms-three-offshore-pscs-signed/, 1970-01-01
https://globalenergyforum.online/suzlon-secures-225-mw-wind-order/, 1970-01-01
https://globalenergyforum.online/swiss-italian-groups-combine-to-support-subsea-pipeline-construction-maintenance/, 1970-01-01
https://globalenergyforum.online/switchee-launches-a-new-app-to-give-social-housing-residents-greater-control/, 1970-01-01
https://globalenergyforum.online/talos-acquiring-gom-deepwater-operator-quarternorth/, 1970-01-01
https://globalenergyforum.online/talos-details-gom-lease-sale-awards-exchange-arrangements-with-three-majors/, 1970-01-01
https://globalenergyforum.online/tasmanian-green-hydrogen-hub-gets-70m-funding-boost/, 1970-01-01
https://globalenergyforum.online/tax-driver/, 1970-01-01
https://globalenergyforum.online/tcp-jumper-qualified-for-deepwater-use-at-egina-field-offshore-nigeria/, 1970-01-01
https://globalenergyforum.online/tech-tour-up-close-with-the-largest-floating-solar-farm-in-the-southeast/, 1970-01-01
https://globalenergyforum.online/technip-energies-handed-feed-for-viking-carbon-capture-project/, 1970-01-01
https://globalenergyforum.online/tesla-cybertruck-can-power-your-home-and-more/, 1970-01-01
https://globalenergyforum.online/tesla-releases-api-for-solar-powerwall-ev-charger/, 1970-01-01
https://globalenergyforum.online/texas-regulators-look-to-expand-successful-80-mw-virtual-power-plant-pilot/, 1970-01-01
https://globalenergyforum.online/texas-solar-project-developer-closes-185-million-tax-equity-financing/, 1970-01-01
https://globalenergyforum.online/tgs-adds-more-gom-obn-work/, 1970-01-01
https://globalenergyforum.online/tgs-concludes-imaging-of-prospective-north-sea-noaka-region/, 1970-01-01
https://globalenergyforum.online/tgs-slb-preparing-to-extend-gom-obn-coverage/, 1970-01-01
https://globalenergyforum.online/thames-water-inaugurates-online-tool-and-interactive-map-to-report-pollution-blockages-and-leaks/, 1970-01-01
https://globalenergyforum.online/the-final-push-cop28-enters-final-stretch-as-uae-pushes-fossil-fuel-deal/, 1970-01-01
https://globalenergyforum.online/the-impact-of-climate-based-pv-panel-degradation-rates-on-inverters/, 1970-01-01
https://globalenergyforum.online/the-largest-body-of-water-west-of-the-mississippi-disappeared-130-years-ago-now-it-s-back/, 1970-01-01
https://globalenergyforum.online/the-peak-in-gasoline-demand-turns-out-to-be-a-mirage/, 1970-01-01
https://globalenergyforum.online/the-power-interview-innovation-data-driven-solar-solutions-key-to-grid-stability/, 1970-01-01
https://globalenergyforum.online/the-power-interview-predictive-maintenance-key-for-solid-solar-performance/, 1970-01-01
https://globalenergyforum.online/the-power-of-wind-5-key-facts-about-wind-power-in-the-united-states/, 1970-01-01
https://globalenergyforum.online/the-russian-arctic-lng-2-project-targeted-by-u-s-sanctions/, 1970-01-01
https://globalenergyforum.online/the-time-is-now-for-cooling-conversation/, 1970-01-01
https://globalenergyforum.online/the-times-group-presents-et-now-global-business-summit-2024-business-titans-and-visionaries-to-discuss-disruption-development-and-diversification/, 1970-01-01
https://globalenergyforum.online/the-wild-side-of-rooftop-solar/, 1970-01-01
https://globalenergyforum.online/the-worlds-next-big-carbon-capture-challenge-figuring-out-how-to-use-it/, 1970-01-01
https://globalenergyforum.online/thistle-wind-partners-reaches-first-2024-milestone-for-scotwind-projects/, 1970-01-01
https://globalenergyforum.online/three-combustion-turbines-added-to-tvas-paradise-site-more-to-come-at-other-locations/, 1970-01-01
https://globalenergyforum.online/top-biden-official-to-defend-lng-pause-in-senate-hearing/, 1970-01-01
https://globalenergyforum.online/torch-initiative-advances-hydropower-cybersecurity/, 1970-01-01
https://globalenergyforum.online/totalenergies-acquires-battery-storage-developer-kyon-energy/, 1970-01-01
https://globalenergyforum.online/totalenergies-and-european-energy-expand-collaboration-to-offshore-wind/, 1970-01-01
https://globalenergyforum.online/totalenergies-and-vantage-enter-into-a-75-25-joint-venture-owning-the-tungsten-explorer-drillship/, 1970-01-01
https://globalenergyforum.online/totalenergies-confirmed-as-worlds-leading-solar-developer-in-2023/, 1970-01-01
https://globalenergyforum.online/totalenergies-strikes-deal-for-omv-interests-offshore-malaysia/, 1970-01-01
https://globalenergyforum.online/totalenergies-to-sell-shares-of-lng-developer-nextdecade/, 1970-01-01
https://globalenergyforum.online/training-for-community-based-lenders-focuses-on-climate-finance/, 1970-01-01
https://globalenergyforum.online/transelectrica-gets-eur-56mn-grant-for-modernisation/, 1970-01-01
https://globalenergyforum.online/transgrid-and-endeavour-energy-workers-begin-24-hour-strike/, 1970-01-01
https://globalenergyforum.online/transocean-inks-251m-harsh-environment-semisubmersible-contract/, 1970-01-01
https://globalenergyforum.online/transportation-department-testing-dual-use-solar-snow-fence/, 1970-01-01
https://globalenergyforum.online/treasurys-proposed-clean-hydrogen-ptc-rule-disappoints-power-industry/, 1970-01-01
https://globalenergyforum.online/trends-in-the-hydrogen-sector-in-2023/, 1970-01-01
https://globalenergyforum.online/tri-state-closing-arizona-colorado-coal-plants-early-investing-in-more-renewables/, 1970-01-01
https://globalenergyforum.online/tribal-nations-utilities-partner-on-ev-access-and-reliability-in-the-upper-midwest/, 1970-01-01
https://globalenergyforum.online/trident-seeking-replacement-rig-for-offshore-equatorial-guinea-wells/, 1970-01-01
https://globalenergyforum.online/trina-unveils-upgraded-vanguard-1p-and-700-w-modules/, 1970-01-01
https://globalenergyforum.online/tripling-renewables-by-2030-is-feasible-says-iberdrola-chairman/, 1970-01-01
https://globalenergyforum.online/tullow-pauses-drilling-offshore-ghana-following-current-campaign/, 1970-01-01
https://globalenergyforum.online/tva-may-delay-2470-mw-coal-plant-shutdown-over-ferc-pipeline-inaction/, 1970-01-01
https://globalenergyforum.online/u-s-awards-spr-contracts-worth-229-5-million-to-exxonmobil-bp-others/, 1970-01-01
https://globalenergyforum.online/u-s-clean-energy-investments-spark-a-global-subsidy-race/, 1970-01-01
https://globalenergyforum.online/u-s-crude-stockpiles-rise-products-draw-down-as-refining-drops-eia/, 1970-01-01
https://globalenergyforum.online/u-s-department-of-justice-preparing-legal-brief-as-both-sides-appeal-line-5-decision/, 1970-01-01
https://globalenergyforum.online/u-s-drillers-cut-oil-and-gas-rigs-for-second-week-in-a-row-baker-hughes/, 1970-01-01
https://globalenergyforum.online/u-s-gasoline-pump-prices-at-11-month-low-in-time-for-holiday-shopping/, 1970-01-01
https://globalenergyforum.online/u-s-government-announces-intent-to-fund-methane-reduction-projects/, 1970-01-01
https://globalenergyforum.online/u-s-government-identifies-22-million-acres-for-solar-in-western-states/, 1970-01-01
https://globalenergyforum.online/u-s-india-energy-storage-task-force-kicks-off-to-supercharge-indias-prestigious-net-zero-goal-and-strengthen-u-s-india-scep/, 1970-01-01
https://globalenergyforum.online/u-s-inflation-rate-seen-nearing-feds-2-goal-next-year-in-cbo-forecast/, 1970-01-01
https://globalenergyforum.online/u-s-kicks-off-a-spate-of-oil-and-gas-auctions-just-as-cop28-gets-underway/, 1970-01-01
https://globalenergyforum.online/u-s-lays-out-plan-at-cop-28-to-slash-climate-super-pollutant-methane-from-oil-and-gas/, 1970-01-01
https://globalenergyforum.online/u-s-lng-export-terminal-permit-pause-could-boost-coal-use-abroad-says-williams-ceo/, 1970-01-01
https://globalenergyforum.online/u-s-lng-feedgas-slow-to-return-after-arctic-freeze-problems-at-freeport-lng/, 1970-01-01
https://globalenergyforum.online/u-s-natgas-drillers-cut-spending-reduce-activity-amid-price-crash/, 1970-01-01
https://globalenergyforum.online/u-s-natgas-output-and-demand-to-hit-record-highs-in-2024-eia/, 1970-01-01
https://globalenergyforum.online/u-s-natgas-prices-climb-4-to-one-week-high-with-rising-demand/, 1970-01-01
https://globalenergyforum.online/u-s-natgas-prices-drop-10-on-contract-expiry-freeport-lng-unit-outage/, 1970-01-01
https://globalenergyforum.online/u-s-natgas-prices-drop-4-with-oil-futures-ample-inventories/, 1970-01-01
https://globalenergyforum.online/u-s-natgas-prices-fall-5-to-3-1-2-year-low-on-mild-winter-weather/, 1970-01-01
https://globalenergyforum.online/u-s-natgas-prices-gain-over-3-on-higher-demand-strong-lng-exports/, 1970-01-01
https://globalenergyforum.online/u-s-natgas-prices-slide-3-to-5-week-low-on-warmer-weather-forecasts/, 1970-01-01
https://globalenergyforum.online/u-s-natgas-prices-slide-3-to-nine-month-low-on-rising-output-lower-demand/, 1970-01-01
https://globalenergyforum.online/u-s-natgas-prices-slip-as-much-as-6-on-record-output-mild-weather/, 1970-01-01
https://globalenergyforum.online/u-s-natgas-prices-soar-8-to-10-week-high-ahead-of-frigid-cold-and-record-demand/, 1970-01-01
https://globalenergyforum.online/u-s-natgas-prices-up-4-to-7-week-high-ahead-of-record-demand-next-week/, 1970-01-01
https://globalenergyforum.online/u-s-november-lng-exports-approach-record-levels-amid-higher-output/, 1970-01-01
https://globalenergyforum.online/u-s-oil-and-gas-jobs-see-slight-decline-in-december-up-overall-for-the-year/, 1970-01-01
https://globalenergyforum.online/u-s-oil-output-fell-in-october-for-first-time-since-april-eia/, 1970-01-01
https://globalenergyforum.online/u-s-oil-production-still-strong-as-financial-markets-surge-glj/, 1970-01-01
https://globalenergyforum.online/u-s-oil-refiners-weekly-capacity-seen-down-322000-bpd-iir/, 1970-01-01
https://globalenergyforum.online/u-s-oil-stockpiles-rise-more-than-forecast-gasoline-builds-to-feb-2022-high-eia/, 1970-01-01
https://globalenergyforum.online/u-s-proposes-fee-on-methane-from-big-oil-and-gas-producers/, 1970-01-01
https://globalenergyforum.online/u-s-refinery-m-a-stalls-as-buyers-shun-aging-assets-uncertain-future-2/, 1970-01-01
https://globalenergyforum.online/u-s-seeks-to-buy-about-3-million-barrels-of-oil-for-spr-for-june-delivery/, 1970-01-01
https://globalenergyforum.online/u-s-set-to-lead-global-research-for-nuclear-fusion/, 1970-01-01
https://globalenergyforum.online/u-s-solar-industry-poised-for-slower-growth-next-year-after-record-setting-2023/, 1970-01-01
https://globalenergyforum.online/u-s-still-needs-fossil-fuels-white-house-climate-adviser-says/, 1970-01-01
https://globalenergyforum.online/u-s-supreme-court-declines-to-hear-exxon-koch-industries-appeal-on-venue-in-climate-case/, 1970-01-01
https://globalenergyforum.online/u-s-to-hold-gulf-of-mexico-oil-auction-after-string-of-delays/, 1970-01-01
https://globalenergyforum.online/u-s-trade-bank-defies-biden-to-expand-oil-drilling-in-bahrain/, 1970-01-01
https://globalenergyforum.online/u-s-weighing-reprieve-for-automakers-on-electric-vehicle-tax-credits/, 1970-01-01
https://globalenergyforum.online/uae-to-start-30-billion-climate-fund-with-blackrock-brookfield/, 1970-01-01
https://globalenergyforum.online/uaw-chief-having-won-concessions-from-strikes-aims-to-expand-membership-to-nonunion-automakers/, 1970-01-01
https://globalenergyforum.online/uk-governments-new-battery-strategy-welcomed-but-does-not-go-far-enough/, 1970-01-01
https://globalenergyforum.online/ultrasound-can-save-fish-in-hydropower-rivers/, 1970-01-01
https://globalenergyforum.online/united-gets-positive-response-on-offshore-jamaica-license-extension/, 1970-01-01
https://globalenergyforum.online/unprecedented-solar-and-storage-growth-on-horizon-with-record-installations-and-investments/, 1970-01-01
https://globalenergyforum.online/unveiling-opportunities-in-the-digital-transformation-of-caribbean-water-utilities/, 1970-01-01
https://globalenergyforum.online/upstream-oil-and-gas-boost-profitability-and-enable-personnel-with-digitalization-by-dr-diana-shigapova/, 1970-01-01
https://globalenergyforum.online/us-canada-energy-sector-competitiveness-survey-2023-see-how-energy-states-and-provinces-compare/, 1970-01-01
https://globalenergyforum.online/us-clean-energy-sector-is-breaking-records-but-presidential-election-other-challenges-loom-wri/, 1970-01-01
https://globalenergyforum.online/us-company-gdi-gets-eib-loan-to-develop-silicon-anode-technology-in-europe/, 1970-01-01
https://globalenergyforum.online/us-court-rejects-epas-decision-to-withhold-small-refinery-biofuel-waivers/, 1970-01-01
https://globalenergyforum.online/us-installs-record-7322-mwh-of-storage-in-q3-despite-sweeping-project-delays/, 1970-01-01
https://globalenergyforum.online/us-semiconductor-projects-on-the-path-of-rapid-development/, 1970-01-01
https://globalenergyforum.online/us-solar-installations-hit-record-6-5-gw-in-q3-but-slowdown-expected-starting-in-2026-report/, 1970-01-01
https://globalenergyforum.online/us-strategies-to-counter-russian-uranium-dominance/, 1970-01-01
https://globalenergyforum.online/us-treasury-unveils-clean-energy-manufacturing-subsidy-rules/, 1970-01-01
https://globalenergyforum.online/us-utility-scale-solar-deployments-jumped-107-year-over-year-in-q3-s-p-global/, 1970-01-01
https://globalenergyforum.online/us-wind-installations-see-slowest-quarter-in-years-with-288-mw-connected-report/, 1970-01-01
https://globalenergyforum.online/using-waste-heat-from-pv-panels-to-generate-residential-hot-water/, 1970-01-01
https://globalenergyforum.online/utility-business-outlook-power-prices-stay-elevated-as-elections-sow-uncertainty-for-clean-energy-plans/, 1970-01-01
https://globalenergyforum.online/utility-opposition-stymies-fair-access-to-community-solar-act-in-washington/, 1970-01-01
https://globalenergyforum.online/utility-scale-solar-farms-contribute-to-bird-diversity/, 1970-01-01
https://globalenergyforum.online/utility-scale-solar-projects-secure-billions-in-financing/, 1970-01-01
https://globalenergyforum.online/valent-energy-reveals-2b-battery-storage-plans-in-australia/, 1970-01-01
https://globalenergyforum.online/valero-energys-quarterly-profit-falls-on-lower-fuel-prices/, 1970-01-01
https://globalenergyforum.online/valeura-resumes-drilling-at-wassana-offshore-thailand/, 1970-01-01
https://globalenergyforum.online/valeura-steps-up-development-drilling-at-two-fields-offshore-thailand/, 1970-01-01
https://globalenergyforum.online/van-oord-completes-north-sea-hollandse-kust-wind-farm/, 1970-01-01
https://globalenergyforum.online/van-oord-names-new-ceo/, 1970-01-01
https://globalenergyforum.online/vattenfall-steps-up-quest-for-fossil-free-steel/, 1970-01-01
https://globalenergyforum.online/venezuelas-maduro-to-push-oil-exploration-in-disputed-territory/, 1970-01-01
https://globalenergyforum.online/venture-global-lng-explains-to-u-s-regulator-its-failure-to-sell-commercial-cargoes/, 1970-01-01
https://globalenergyforum.online/verano-energy-presents-permit-for-peruvian-green-hydrogen-and-ammonia-project/, 1970-01-01
https://globalenergyforum.online/verlume-achieves-fit4offshore-renewables-granted-status/, 1970-01-01
https://globalenergyforum.online/vesper-energy-closes-590m-in-financing-for-hornet-solar/, 1970-01-01
https://globalenergyforum.online/vestas-acquires-167-mw-order-in-the-us/, 1970-01-01
https://globalenergyforum.online/vestas-secures-1089-mw-order-with-pattern-energy/, 1970-01-01
https://globalenergyforum.online/vestas-secures-135-mw-project-in-the-us/, 1970-01-01
https://globalenergyforum.online/vestas-secures-203-mw-order-for-turbines-in-the-us/, 1970-01-01
https://globalenergyforum.online/vestas-to-build-new-offshore-wind-blade-factory-in-poland/, 1970-01-01
https://globalenergyforum.online/vestas-wins-108-mw-order-in-south-africa/, 1970-01-01
https://globalenergyforum.online/vestas-wins-125-mw-order-in-italy/, 1970-01-01
https://globalenergyforum.online/vibro-lifting-tools-deployed-for-hai-long-wind-farm-pin-piles/, 1970-01-01
https://globalenergyforum.online/vineyard-wind-delivers-first-power-to-new-england-grid/, 1970-01-01
https://globalenergyforum.online/virgin-atlantic-jet-takes-off-for-maiden-transatlantic-flight-on-low-carbon-fuel/, 1970-01-01
https://globalenergyforum.online/virginia-districts-roll-on-with-electric-school-buses-despite-lack-of-state-funding/, 1970-01-01
https://globalenergyforum.online/vital-energy-acquires-additional-working-interests-in-recent-high-value-acquisitions-in-the-permian-basin/, 1970-01-01
https://globalenergyforum.online/volvo-and-tecnogen-collaborate-in-ev-charging-hubs-construction/, 1970-01-01
https://globalenergyforum.online/vos-prodect-supplies-cable-hang-off-systems-to-sofia-offshore-wind-farm/, 1970-01-01
https://globalenergyforum.online/w-t-offshore-acquires-six-shallow-water-gom-fields/, 1970-01-01
https://globalenergyforum.online/waaree-to-establish-first-u-s-manufacturing-facility/, 1970-01-01
https://globalenergyforum.online/wafer-prices-stable-ahead-of-chinese-new-year-festivities/, 1970-01-01
https://globalenergyforum.online/wall-street-sees-some-scope-for-oil-price-recovery-next-year/, 1970-01-01
https://globalenergyforum.online/was-virtual-power-plant-to-the-rescue-during-heatwave/, 1970-01-01
https://globalenergyforum.online/wave-wins-multi-million-pound-contract-with-uk-ministry-of-justice/, 1970-01-01
https://globalenergyforum.online/westbridge-announces-origination-of-two-solar-projects/, 1970-01-01
https://globalenergyforum.online/westinghouse-and-uks-community-nuclear-power-collaborate-to-deploy-fleet-of-ap300-small-modular-reactors/, 1970-01-01
https://globalenergyforum.online/westinghouse-secures-first-customer-for-evinci-nuclear-microreactor/, 1970-01-01
https://globalenergyforum.online/what-is-the-real-risk-of-fire-from-solar-panels/, 1970-01-01
https://globalenergyforum.online/what-opec-oil-output-cuts-are-already-in-place-and-what-could-change/, 1970-01-01
https://globalenergyforum.online/what-would-a-woodside-and-santos-merger-look-like/, 1970-01-01
https://globalenergyforum.online/white-house-pauses-decision-on-louisiana-lng-export-terminal/, 1970-01-01
https://globalenergyforum.online/white-paper-rebuild-or-buy-new-an-in-depth-cost-analysis-for-cat-r-gas-compression-engines/, 1970-01-01
https://globalenergyforum.online/whos-on-top-of-the-residential-solar-plus-storage-market/, 1970-01-01
https://globalenergyforum.online/why-texas-is-banning-banks-over-their-esg-policies/, 1970-01-01
https://globalenergyforum.online/why-utilities-cant-afford-to-ignore-stored-solar-panels/, 1970-01-01
https://globalenergyforum.online/williams-to-buy-natural-gas-storage-assets-for-1-95-bln/, 1970-01-01
https://globalenergyforum.online/wind-goes-past-coal-in-europe-in-electricity-generation/, 1970-01-01
https://globalenergyforum.online/wind-project-approvals-tax-credits-look-to-outpace-macroeconomic-and-supply-chain-headwinds-in-2024/, 1970-01-01
https://globalenergyforum.online/wind-turbine-market-improves-but-higher-costs-may-linger-in-2024-bnef/, 1970-01-01
https://globalenergyforum.online/windeurope-the-eu-built-a-record-17-gw-of-new-wind-energy-in-2023/, 1970-01-01
https://globalenergyforum.online/wintershall-dea-secures-five-licenses-as-operator-in-latest-apa-round/, 1970-01-01
https://globalenergyforum.online/wisconsin-bills-would-enable-retail-ev-charging-drop-cumbersome-utility-requirement/, 1970-01-01
https://globalenergyforum.online/wood-selected-as-owners-engineer-for-world-leading-green-hydrogen-project-in-spain/, 1970-01-01
https://globalenergyforum.online/wood-thilsted-to-support-lithuanias-first-offshore-wind-farm/, 1970-01-01
https://globalenergyforum.online/wood-to-provide-engineering-services-for-catalina-green-hydrogen-project/, 1970-01-01
https://globalenergyforum.online/woodside-and-santos-end-merger-discussions/, 1970-01-01
https://globalenergyforum.online/woodside-eseasa-ink-shore-base-contract-for-trion-project-offshore-mexico/, 1970-01-01
https://globalenergyforum.online/work-begins-on-414mw-uungula-wind-farm/, 1970-01-01
https://globalenergyforum.online/works-progressing-on-kidston-pumped-hydro/, 1970-01-01
https://globalenergyforum.online/world-oil-demand-next-year-to-rise-faster-than-expected-iea-says/, 1970-01-01
https://globalenergyforum.online/worldwide-pv-growth-set-to-slow-in-2024/, 1970-01-01
https://globalenergyforum.online/xcel-energy-releases-new-upper-midwest-energy-plan/, 1970-01-01
https://globalenergyforum.online/yamaha-launches-battery-swapping-company-in-germany/, 1970-01-01
https://globalenergyforum.online/yingli-solar-to-supply-pv-modules-for-saad-2-project/, 1970-01-01
https://globalenergyforum.online/zambia-oikocredit-opens-2-million-credit-line-for-rdg-solar-systems/, 1970-01-01
https://globalenergyforum.online/zmpsis-admitted-to-offshore-wind-energy-alliance/, 1970-01-01